{"version": "1", "message": "ERROR: Hidden Testcases server unreachable.", "problem_id": "ads2_m6_a1_1", "user_id": "prathyushab14", "score": {"sample": {"0": {"execution_time": 0.2111835479736328, "passed": false}, "1": {"execution_time": 0.20072317123413086, "passed": false}, "2": {"execution_time": 0.2077159881591797, "passed": false}, "3": {"execution_time": 0.21057701110839844, "passed": false}, "4": {"execution_time": 0.20972776412963867, "passed": false}, "5": {"execution_time": 0.19751238822937012, "passed": false}, "6": {"execution_time": 0.19854497909545898, "passed": false}, "7": {"execution_time": 0.20227622985839844, "passed": false}, "8": {"execution_time": 0.19672727584838867, "passed": false}, "9": {"execution_time": 0.1965787410736084, "passed": false}, "10": {"execution_time": 0.19404053688049316, "passed": false}, "11": {"execution_time": 0.1953749656677246, "passed": false}}}, "check_style_score": "0/1"}