{"version": "1", "message": "ERROR: Hidden Testcases server unreachable.", "problem_id": "ads2_m6_a1_1", "user_id": "prathyushab14", "score": {"sample": {"0": {"execution_time": 0.2314455509185791, "passed": false}, "1": {"execution_time": 0.23919343948364258, "passed": false}, "2": {"execution_time": 0.2357180118560791, "passed": false}, "3": {"execution_time": 0.23002338409423828, "passed": false}, "4": {"execution_time": 0.23608636856079102, "passed": false}, "5": {"execution_time": 0.2606666088104248, "passed": false}, "6": {"execution_time": 0.22873806953430176, "passed": false}, "7": {"execution_time": 0.272946834564209, "passed": false}, "8": {"execution_time": 0.22983050346374512, "passed": false}, "9": {"execution_time": 0.23675775527954102, "passed": false}, "10": {"execution_time": 0.23623371124267578, "passed": false}, "11": {"execution_time": 0.23313307762145996, "passed": false}}}, "check_style_score": "0/1"}