{"version": "1", "message": "ERROR: Hidden Testcases server unreachable.", "problem_id": "ads2_m6_a1_1", "user_id": "prathyushab14", "score": {"sample": {"0": {"execution_time": 0.21911883354187012, "passed": false}, "1": {"execution_time": 0.18620657920837402, "passed": false}, "2": {"execution_time": 0.18819880485534668, "passed": false}, "3": {"execution_time": 0.20624995231628418, "passed": false}, "4": {"execution_time": 0.19228577613830566, "passed": false}, "5": {"execution_time": 0.18906569480895996, "passed": false}, "6": {"execution_time": 0.19284534454345703, "passed": false}, "7": {"execution_time": 0.19558000564575195, "passed": false}, "8": {"execution_time": 0.19390201568603516, "passed": false}, "9": {"execution_time": 0.2125380039215088, "passed": false}, "10": {"execution_time": 0.19311761856079102, "passed": false}, "11": {"execution_time": 0.18960857391357422, "passed": false}}}, "check_style_score": "0/1"}