{"version": "1", "message": "ERROR: Hidden Testcases server unreachable.", "problem_id": "ads2_m6_a1_1", "user_id": "prathyushab14", "score": {"sample": {"0": {"execution_time": 0.18752121925354004, "passed": false}, "1": {"execution_time": 0.18752288818359375, "passed": false}, "2": {"execution_time": 0.18751859664916992, "passed": false}, "3": {"execution_time": 0.18756389617919922, "passed": false}, "4": {"execution_time": 0.18752098083496094, "passed": false}, "5": {"execution_time": 0.1719355583190918, "passed": false}, "6": {"execution_time": 0.18751883506774902, "passed": false}, "7": {"execution_time": 0.1875619888305664, "passed": false}, "8": {"execution_time": 0.1875607967376709, "passed": false}, "9": {"execution_time": 0.1875612735748291, "passed": false}, "10": {"execution_time": 0.18752169609069824, "passed": false}, "11": {"execution_time": 0.1875605583190918, "passed": false}}}, "check_style_score": "0/1"}