{"version": "1", "message": "ERROR: Hidden Testcases server unreachable.", "problem_id": "ads2_m6_a1_1", "user_id": "prathyushab14", "score": {"sample": {"0": {"execution_time": 0.17189478874206543, "passed": false}, "1": {"execution_time": 0.1718919277191162, "passed": false}, "2": {"execution_time": 0.17189478874206543, "passed": false}, "3": {"execution_time": 0.17194509506225586, "passed": false}, "4": {"execution_time": 0.17189431190490723, "passed": false}, "5": {"execution_time": 0.17189455032348633, "passed": false}, "6": {"execution_time": 0.17189598083496094, "passed": false}, "7": {"execution_time": 0.1719348430633545, "passed": false}, "8": {"execution_time": 0.17189383506774902, "passed": false}, "9": {"execution_time": 0.17194032669067383, "passed": false}, "10": {"execution_time": 0.1875605583190918, "passed": false}, "11": {"execution_time": 0.17193818092346191, "passed": false}}}, "check_style_score": "0/1"}