{"version": "1", "message": "ERROR: Hidden Testcases server unreachable.", "problem_id": "ads2_m6_a1_1", "user_id": "prathyushab14", "score": {"sample": {"0": {"execution_time": 0.22953295707702637, "passed": false}, "1": {"execution_time": 0.22974395751953125, "passed": false}, "2": {"execution_time": 0.23133444786071777, "passed": false}, "3": {"execution_time": 0.24822020530700684, "passed": false}, "4": {"execution_time": 0.22829794883728027, "passed": false}, "5": {"execution_time": 0.22789359092712402, "passed": false}, "6": {"execution_time": 0.2342085838317871, "passed": false}, "7": {"execution_time": 0.23423051834106445, "passed": false}, "8": {"execution_time": 0.21585702896118164, "passed": false}, "9": {"execution_time": 0.22896742820739746, "passed": false}, "10": {"execution_time": 0.24530434608459473, "passed": false}, "11": {"execution_time": 0.22736477851867676, "passed": false}}}, "check_style_score": "0/1"}