{"version": "1", "message": "ERROR: Hidden Testcases server unreachable.", "problem_id": "ads2_m6_a1_1", "user_id": "prathyushab14", "score": {"sample": {"0": {"execution_time": 0.24741077423095703, "passed": false}, "1": {"execution_time": 0.22408318519592285, "passed": false}, "2": {"execution_time": 0.23241758346557617, "passed": false}, "3": {"execution_time": 0.2290041446685791, "passed": false}, "4": {"execution_time": 0.22313642501831055, "passed": false}, "5": {"execution_time": 0.23215079307556152, "passed": false}, "6": {"execution_time": 0.24115490913391113, "passed": false}, "7": {"execution_time": 0.22957515716552734, "passed": false}, "8": {"execution_time": 0.2264854907989502, "passed": false}, "9": {"execution_time": 0.24211740493774414, "passed": false}, "10": {"execution_time": 0.22379493713378906, "passed": false}, "11": {"execution_time": 0.23361635208129883, "passed": false}}}, "check_style_score": "0/1"}