{"version": "1", "message": "ERROR: Hidden Testcases server unreachable.", "problem_id": "ads2_m6_a1_1", "user_id": "prathyushab14", "score": {"sample": {"0": {"execution_time": 0.23444080352783203, "passed": false}, "1": {"execution_time": 0.1875622272491455, "passed": false}, "2": {"execution_time": 0.20314598083496094, "passed": false}, "3": {"execution_time": 0.18752002716064453, "passed": false}, "4": {"execution_time": 0.20314741134643555, "passed": false}, "5": {"execution_time": 0.20318961143493652, "passed": false}, "6": {"execution_time": 0.18752193450927734, "passed": false}, "7": {"execution_time": 0.1875746250152588, "passed": false}, "8": {"execution_time": 0.21877288818359375, "passed": false}, "9": {"execution_time": 0.18752098083496094, "passed": false}, "10": {"execution_time": 0.20314502716064453, "passed": false}, "11": {"execution_time": 0.18752050399780273, "passed": false}}}, "check_style_score": "0/1"}