{"version": "1", "message": "ERROR: Hidden Testcases server unreachable.", "problem_id": "ads2_m6_a1_1", "user_id": "prathyushab14", "score": {"sample": {"0": {"execution_time": 0.2032184600830078, "passed": false}, "1": {"execution_time": 0.2039191722869873, "passed": false}, "2": {"execution_time": 0.18305349349975586, "passed": false}, "3": {"execution_time": 0.1915597915649414, "passed": false}, "4": {"execution_time": 0.18044734001159668, "passed": false}, "5": {"execution_time": 0.1906261444091797, "passed": false}, "6": {"execution_time": 0.19637346267700195, "passed": false}, "7": {"execution_time": 0.1840357780456543, "passed": false}, "8": {"execution_time": 0.22854900360107422, "passed": false}, "9": {"execution_time": 0.1993420124053955, "passed": false}, "10": {"execution_time": 0.188187837600708, "passed": false}, "11": {"execution_time": 0.1963813304901123, "passed": false}}}, "check_style_score": "0/1"}