{"version": "1", "message": "ERROR: Hidden Testcases server unreachable.", "problem_id": "ads2_m6_a1_1", "user_id": "prathyushab14", "score": {"sample": {"0": {"execution_time": 0.18752169609069824, "passed": false}, "1": {"execution_time": 0.17189359664916992, "passed": false}, "2": {"execution_time": 0.17193913459777832, "passed": false}, "3": {"execution_time": 0.1719369888305664, "passed": false}, "4": {"execution_time": 0.1719365119934082, "passed": false}, "5": {"execution_time": 0.17189431190490723, "passed": false}, "6": {"execution_time": 0.18747901916503906, "passed": false}, "7": {"execution_time": 0.1875159740447998, "passed": false}, "8": {"execution_time": 0.1562654972076416, "passed": false}, "9": {"execution_time": 0.1562666893005371, "passed": false}, "10": {"execution_time": 0.18752098083496094, "passed": false}, "11": {"execution_time": 0.1719372272491455, "passed": false}}}, "check_style_score": "0/1"}