{"version": "1", "message": "ERROR: Hidden Testcases server unreachable.", "problem_id": "ads2_m6_a1_1", "user_id": "prathyushab14", "score": {"sample": {"0": {"execution_time": 0.19702410697937012, "passed": false}, "1": {"execution_time": 0.19318556785583496, "passed": false}, "2": {"execution_time": 0.20209717750549316, "passed": false}, "3": {"execution_time": 0.1944735050201416, "passed": false}, "4": {"execution_time": 0.2032320499420166, "passed": false}, "5": {"execution_time": 0.19431233406066895, "passed": false}, "6": {"execution_time": 0.21787643432617188, "passed": false}, "7": {"execution_time": 0.19965100288391113, "passed": false}, "8": {"execution_time": 0.19251322746276855, "passed": false}, "9": {"execution_time": 0.22371506690979004, "passed": false}, "10": {"execution_time": 0.195631742477417, "passed": false}, "11": {"execution_time": 0.20443034172058105, "passed": false}}}, "check_style_score": "0/1"}