{"version": "1", "message": "ERROR: Hidden Testcases server unreachable.", "problem_id": "ads2_m6_a1_1", "user_id": "prathyushab14", "score": {"sample": {"0": {"execution_time": 0.17189383506774902, "passed": false}, "1": {"execution_time": 0.1563096046447754, "passed": false}, "2": {"execution_time": 0.15626740455627441, "passed": false}, "3": {"execution_time": 0.1562669277191162, "passed": false}, "4": {"execution_time": 0.15626764297485352, "passed": false}, "5": {"execution_time": 0.1563091278076172, "passed": false}, "6": {"execution_time": 0.1563107967376709, "passed": false}, "7": {"execution_time": 0.15631413459777832, "passed": false}, "8": {"execution_time": 0.1719350814819336, "passed": false}, "9": {"execution_time": 0.15630650520324707, "passed": false}, "10": {"execution_time": 0.15630841255187988, "passed": false}, "11": {"execution_time": 0.15630722045898438, "passed": false}}}, "check_style_score": "0/1"}