{"version": "1", "message": "ERROR: Hidden Testcases server unreachable.", "problem_id": "ads2_m6_a1_1", "user_id": "prathyushab14", "score": {"sample": {"0": {"execution_time": 0.21881103515625, "passed": false}, "1": {"execution_time": 0.15630841255187988, "passed": false}, "2": {"execution_time": 0.1562662124633789, "passed": false}, "3": {"execution_time": 0.15630435943603516, "passed": false}, "4": {"execution_time": 0.15626764297485352, "passed": false}, "5": {"execution_time": 0.14068222045898438, "passed": false}, "6": {"execution_time": 0.1563093662261963, "passed": false}, "7": {"execution_time": 0.15630793571472168, "passed": false}, "8": {"execution_time": 0.1562671661376953, "passed": false}, "9": {"execution_time": 0.15630888938903809, "passed": false}, "10": {"execution_time": 0.1563112735748291, "passed": false}, "11": {"execution_time": 0.1563093662261963, "passed": false}}}, "check_style_score": "0/1"}