{"version": "1", "message": "ERROR: Hidden Testcases server unreachable.", "problem_id": "ads2_m6_a1_1", "user_id": "prathyushab14", "score": {"sample": {"0": {"execution_time": 0.18756890296936035, "passed": false}, "1": {"execution_time": 0.1875169277191162, "passed": false}, "2": {"execution_time": 0.1875619888305664, "passed": false}, "3": {"execution_time": 0.18752098083496094, "passed": false}, "4": {"execution_time": 0.20318198204040527, "passed": false}, "5": {"execution_time": 0.18752098083496094, "passed": false}, "6": {"execution_time": 0.1875629425048828, "passed": false}, "7": {"execution_time": 0.18752527236938477, "passed": false}, "8": {"execution_time": 0.1719346046447754, "passed": false}, "9": {"execution_time": 0.18752241134643555, "passed": false}, "10": {"execution_time": 0.18756103515625, "passed": false}, "11": {"execution_time": 0.18756413459777832, "passed": false}}}, "check_style_score": "0/1"}