{"version": "1", "message": "ERROR: Hidden Testcases server unreachable.", "problem_id": "ads2_m6_a1_1", "user_id": "prathyushab14", "score": {"sample": {"0": {"execution_time": 0.23214173316955566, "passed": false}, "1": {"execution_time": 0.2228236198425293, "passed": false}, "2": {"execution_time": 0.22566890716552734, "passed": false}, "3": {"execution_time": 0.23977351188659668, "passed": false}, "4": {"execution_time": 0.24849915504455566, "passed": false}, "5": {"execution_time": 0.22825241088867188, "passed": false}, "6": {"execution_time": 0.2288341522216797, "passed": false}, "7": {"execution_time": 0.23659515380859375, "passed": false}, "8": {"execution_time": 0.22971081733703613, "passed": false}, "9": {"execution_time": 0.22577810287475586, "passed": false}, "10": {"execution_time": 0.22321271896362305, "passed": false}, "11": {"execution_time": 0.24273347854614258, "passed": false}}}, "check_style_score": "0/1"}