{"version": "1", "message": "ERROR: Hidden Testcases server unreachable.", "problem_id": "ads2_m6_a1_1", "user_id": "prathyushab14", "score": {"sample": {"0": {"execution_time": 0.18306183815002441, "passed": false}, "1": {"execution_time": 0.19474005699157715, "passed": false}, "2": {"execution_time": 0.2012619972229004, "passed": false}, "3": {"execution_time": 0.21087050437927246, "passed": false}, "4": {"execution_time": 0.19675135612487793, "passed": false}, "5": {"execution_time": 0.20824408531188965, "passed": false}, "6": {"execution_time": 0.19492721557617188, "passed": false}, "7": {"execution_time": 0.1958019733428955, "passed": false}, "8": {"execution_time": 0.20641183853149414, "passed": false}, "9": {"execution_time": 0.20302462577819824, "passed": false}, "10": {"execution_time": 0.1956803798675537, "passed": false}, "11": {"execution_time": 0.20076441764831543, "passed": false}}}, "check_style_score": "0/1"}