{"version": "1", "message": "ERROR: Hidden Testcases server unreachable.", "problem_id": "ads2_m6_a1_1", "user_id": "prathyushab14", "score": {"sample": {"0": {"execution_time": 0.21877479553222656, "passed": false}, "1": {"execution_time": 0.18756103515625, "passed": false}, "2": {"execution_time": 0.17189335823059082, "passed": false}, "3": {"execution_time": 0.17189526557922363, "passed": false}, "4": {"execution_time": 0.18751883506774902, "passed": false}, "5": {"execution_time": 0.18752050399780273, "passed": false}, "6": {"execution_time": 0.17193961143493652, "passed": false}, "7": {"execution_time": 0.18756961822509766, "passed": false}, "8": {"execution_time": 0.1719365119934082, "passed": false}, "9": {"execution_time": 0.1875615119934082, "passed": false}, "10": {"execution_time": 0.18756318092346191, "passed": false}, "11": {"execution_time": 0.17194080352783203, "passed": false}}}, "check_style_score": "0/1"}