{"version": "1", "message": "ERROR: Hidden Testcases server unreachable.", "problem_id": "ads2_m6_a1_1", "user_id": "prathyushab14", "score": {"sample": {"0": {"execution_time": 0.23636770248413086, "passed": false}, "1": {"execution_time": 0.2309551239013672, "passed": false}, "2": {"execution_time": 0.23398447036743164, "passed": false}, "3": {"execution_time": 0.22815704345703125, "passed": false}, "4": {"execution_time": 0.22597217559814453, "passed": false}, "5": {"execution_time": 0.23175501823425293, "passed": false}, "6": {"execution_time": 0.22803163528442383, "passed": false}, "7": {"execution_time": 0.22854256629943848, "passed": false}, "8": {"execution_time": 0.22547554969787598, "passed": false}, "9": {"execution_time": 0.2371509075164795, "passed": false}, "10": {"execution_time": 0.2404499053955078, "passed": false}, "11": {"execution_time": 0.23236846923828125, "passed": false}}}, "check_style_score": "0/1"}