{"version": "1", "message": "ERROR: Hidden Testcases server unreachable.", "problem_id": "ads2_m6_a1_1", "user_id": "prathyushab14", "score": {"sample": {"0": {"execution_time": 0.20308232307434082, "passed": false}, "1": {"execution_time": 0.20062708854675293, "passed": false}, "2": {"execution_time": 0.19535398483276367, "passed": false}, "3": {"execution_time": 0.18537211418151855, "passed": false}, "4": {"execution_time": 0.18117451667785645, "passed": false}, "5": {"execution_time": 0.19702529907226562, "passed": false}, "6": {"execution_time": 0.18387579917907715, "passed": false}, "7": {"execution_time": 0.21653389930725098, "passed": false}, "8": {"execution_time": 0.19417643547058105, "passed": false}, "9": {"execution_time": 0.19388294219970703, "passed": false}, "10": {"execution_time": 0.19240665435791016, "passed": false}, "11": {"execution_time": 0.2095937728881836, "passed": false}}}, "check_style_score": "0/1"}