{"version": "1", "message": "ERROR: Hidden Testcases server unreachable.", "problem_id": "ads2_m6_a1_1", "user_id": "prathyushab14", "score": {"sample": {"0": {"execution_time": 0.3262333869934082, "passed": false}, "1": {"execution_time": 0.23309779167175293, "passed": false}, "2": {"execution_time": 0.2377004623413086, "passed": false}, "3": {"execution_time": 0.23531889915466309, "passed": false}, "4": {"execution_time": 0.23508644104003906, "passed": false}, "5": {"execution_time": 0.25647830963134766, "passed": false}, "6": {"execution_time": 0.23638081550598145, "passed": false}, "7": {"execution_time": 0.23472929000854492, "passed": false}, "8": {"execution_time": 0.23637127876281738, "passed": false}, "9": {"execution_time": 0.23544955253601074, "passed": false}, "10": {"execution_time": 0.2501180171966553, "passed": false}, "11": {"execution_time": 0.23331570625305176, "passed": false}}}, "check_style_score": "0/1"}