{"version": "1", "message": "ERROR: Hidden Testcases server unreachable.", "problem_id": "ads2_m4_a1_1", "user_id": "prathyushab14", "score": {"sample": {"0": {"execution_time": 0.19627809524536133, "passed": true}, "1": {"execution_time": 0.21306824684143066, "passed": true}, "2": {"execution_time": 0.22170281410217285, "passed": true}, "3": {"execution_time": 0.23416495323181152, "passed": true}, "4": {"execution_time": 0.1975264549255371, "passed": true}, "5": {"execution_time": 0.19556975364685059, "passed": true}, "6": {"execution_time": 0.1975250244140625, "passed": true}, "7": {"execution_time": 0.20604562759399414, "passed": true}, "8": {"execution_time": 0.19000530242919922, "passed": true}, "9": {"execution_time": 0.18445801734924316, "passed": true}, "10": {"execution_time": 0.17245841026306152, "passed": true}, "11": {"execution_time": 0.18248534202575684, "passed": true}, "12": {"execution_time": 0.1734631061553955, "passed": true}, "13": {"execution_time": 1.1565775871276855, "passed": true}, "14": {"execution_time": 0.21110033988952637, "passed": true}}}, "check_style_score": "1/1"}