{"version": "1", "message": "ERROR: Hidden Testcases server unreachable.", "problem_id": "ads2_m4_a1_1", "user_id": "prathyushab14", "score": {"sample": {"0": {"execution_time": 0.36802148818969727, "passed": true}, "1": {"execution_time": 0.27588629722595215, "passed": true}, "2": {"execution_time": 0.38803553581237793, "passed": true}, "3": {"execution_time": 0.3582887649536133, "passed": true}, "4": {"execution_time": 0.27295494079589844, "passed": true}, "5": {"execution_time": 0.32106518745422363, "passed": true}, "6": {"execution_time": 0.2278132438659668, "passed": true}, "7": {"execution_time": 0.2450416088104248, "passed": true}, "8": {"execution_time": 0.2368183135986328, "passed": true}, "9": {"execution_time": 0.24800753593444824, "passed": true}, "10": {"execution_time": 0.2972891330718994, "passed": true}, "11": {"execution_time": 0.22822189331054688, "passed": true}, "12": {"execution_time": 0.26770639419555664, "passed": true}, "13": {"execution_time": 1.2528140544891357, "passed": true}, "14": {"execution_time": 0.2564234733581543, "passed": true}}}, "check_style_score": "0/1"}