{"version": "1", "message": "ERROR: Hidden Testcases server unreachable.", "problem_id": "ads2_m4_a1_1", "user_id": "prathyushab14", "score": {"sample": {"0": {"execution_time": 0.2642033100128174, "passed": true}, "1": {"execution_time": 0.23462367057800293, "passed": true}, "2": {"execution_time": 0.24314618110656738, "passed": true}, "3": {"execution_time": 0.2356255054473877, "passed": true}, "4": {"execution_time": 0.20905542373657227, "passed": true}, "5": {"execution_time": 0.20656991004943848, "passed": true}, "6": {"execution_time": 0.18549394607543945, "passed": true}, "7": {"execution_time": 0.18701648712158203, "passed": true}, "8": {"execution_time": 0.190507173538208, "passed": true}, "9": {"execution_time": 0.16543984413146973, "passed": true}, "10": {"execution_time": 0.17947697639465332, "passed": true}, "11": {"execution_time": 0.17195940017700195, "passed": true}, "12": {"execution_time": 0.1734628677368164, "passed": true}, "13": {"execution_time": 1.0432748794555664, "passed": true}, "14": {"execution_time": 0.16794729232788086, "passed": true}}}, "check_style_score": "0/1"}