{"version": "1", "message": "ERROR: Hidden Testcases server unreachable.", "problem_id": "ads2_m4_a1_1", "user_id": "prathyushab14", "score": {"sample": {"0": {"execution_time": 0.2976510524749756, "passed": true}, "1": {"execution_time": 0.29175782203674316, "passed": true}, "2": {"execution_time": 0.30576515197753906, "passed": true}, "3": {"execution_time": 0.2779231071472168, "passed": true}, "4": {"execution_time": 0.2433462142944336, "passed": true}, "5": {"execution_time": 0.2418994903564453, "passed": true}, "6": {"execution_time": 0.2591431140899658, "passed": true}, "7": {"execution_time": 0.2973299026489258, "passed": true}, "8": {"execution_time": 0.2229163646697998, "passed": true}, "9": {"execution_time": 0.23589229583740234, "passed": true}, "10": {"execution_time": 0.23438525199890137, "passed": true}, "11": {"execution_time": 0.23320937156677246, "passed": true}, "12": {"execution_time": 0.2084951400756836, "passed": true}, "13": {"execution_time": 0.9346256256103516, "passed": true}, "14": {"execution_time": 0.22106623649597168, "passed": true}}}, "check_style_score": "0/1"}