{"version": "1", "message": "ERROR: Hidden Testcases server unreachable.", "problem_id": "ads2_m2_a1_1", "user_id": "prathyushab14", "score": {"sample": {"0": {"execution_time": 0.2456214427947998, "passed": false}, "1": {"execution_time": 0.23711228370666504, "passed": false}, "2": {"execution_time": 0.25175929069519043, "passed": false}, "3": {"execution_time": 0.22928857803344727, "passed": true}, "4": {"execution_time": 0.210982084274292, "passed": false}, "5": {"execution_time": 0.264678955078125, "passed": true}, "6": {"execution_time": 0.1570127010345459, "passed": false}, "7": {"execution_time": 0.24031901359558105, "passed": false}, "8": {"execution_time": 0.25188589096069336, "passed": false}, "9": {"execution_time": 0.18565583229064941, "passed": false}, "10": {"execution_time": 0.22124505043029785, "passed": false}, "11": {"execution_time": 0.20403575897216797, "passed": false}, "12": {"execution_time": 0.2147221565246582, "passed": false}, "13": {"execution_time": 0.19954133033752441, "passed": false}, "14": {"execution_time": 0.26838016510009766, "passed": false}, "15": {"execution_time": 0.26113247871398926, "passed": true}, "16": {"execution_time": 0.25991201400756836, "passed": false}, "17": {"execution_time": 0.19689226150512695, "passed": false}, "18": {"execution_time": 0.24229860305786133, "passed": false}, "19": {"execution_time": 0.20859432220458984, "passed": false}, "20": {"execution_time": 0.17802691459655762, "passed": false}, "21": {"execution_time": 0.25118541717529297, "passed": false}, "22": {"execution_time": 0.29633045196533203, "passed": false}, "23": {"execution_time": 0.28775811195373535, "passed": false}}}, "check_style_score": "0/1"}