{"version": "1", "message": "ERROR: Hidden Testcases server unreachable.", "problem_id": "ads2_m2_a1_1", "user_id": "prathyushab14", "score": {"sample": {"0": {"execution_time": 0.3101022243499756, "passed": true}, "1": {"execution_time": 0.26031017303466797, "passed": true}, "2": {"execution_time": 0.2581775188446045, "passed": true}, "3": {"execution_time": 0.25958847999572754, "passed": true}, "4": {"execution_time": 0.26630473136901855, "passed": true}, "5": {"execution_time": 0.3288702964782715, "passed": true}, "6": {"execution_time": 0.25335025787353516, "passed": true}, "7": {"execution_time": 0.305675745010376, "passed": true}, "8": {"execution_time": 0.33576273918151855, "passed": true}, "9": {"execution_time": 0.22919893264770508, "passed": true}, "10": {"execution_time": 0.2867107391357422, "passed": true}, "11": {"execution_time": 0.3002583980560303, "passed": true}, "12": {"execution_time": 0.3030562400817871, "passed": true}, "13": {"execution_time": 0.2344975471496582, "passed": true}, "14": {"execution_time": 0.3167233467102051, "passed": true}, "15": {"execution_time": 0.29465770721435547, "passed": true}, "16": {"execution_time": 0.3519580364227295, "passed": true}, "17": {"execution_time": 0.3778114318847656, "passed": true}, "18": {"execution_time": 0.34238195419311523, "passed": true}, "19": {"execution_time": 0.35930490493774414, "passed": true}, "20": {"execution_time": 0.3555471897125244, "passed": true}, "21": {"execution_time": 0.34294605255126953, "passed": true}, "22": {"execution_time": 0.354278564453125, "passed": true}, "23": {"execution_time": 0.42577219009399414, "passed": true}}}, "check_style_score": "0/1"}