{"version": "1", "message": "ERROR: Hidden Testcases server unreachable.", "problem_id": "ads2_m2_a1_1", "user_id": "prathyushab14", "score": {"sample": {"0": {"execution_time": 0.2260746955871582, "passed": false}, "1": {"execution_time": 0.26903748512268066, "passed": false}, "2": {"execution_time": 0.24678254127502441, "passed": false}, "3": {"execution_time": 0.2735404968261719, "passed": true}, "4": {"execution_time": 0.2601625919342041, "passed": false}, "5": {"execution_time": 0.24871611595153809, "passed": true}, "6": {"execution_time": 0.23752880096435547, "passed": false}, "7": {"execution_time": 0.24391722679138184, "passed": false}, "8": {"execution_time": 0.2607731819152832, "passed": false}, "9": {"execution_time": 0.1988229751586914, "passed": false}, "10": {"execution_time": 0.2427229881286621, "passed": false}, "11": {"execution_time": 0.24492502212524414, "passed": false}, "12": {"execution_time": 0.27300167083740234, "passed": false}, "13": {"execution_time": 0.18254947662353516, "passed": false}, "14": {"execution_time": 0.2671849727630615, "passed": false}, "15": {"execution_time": 0.2818014621734619, "passed": true}, "16": {"execution_time": 0.2219381332397461, "passed": false}, "17": {"execution_time": 0.2529330253601074, "passed": false}, "18": {"execution_time": 0.31569862365722656, "passed": false}, "19": {"execution_time": 0.18117117881774902, "passed": false}, "20": {"execution_time": 0.2245938777923584, "passed": false}, "21": {"execution_time": 0.16061973571777344, "passed": false}, "22": {"execution_time": 0.18357253074645996, "passed": false}, "23": {"execution_time": 0.2225360870361328, "passed": false}}}, "check_style_score": "0/1"}