{"version": "1", "message": "ERROR: Hidden Testcases server unreachable.", "problem_id": "ads2_m2_a1_1", "user_id": "prathyushab14", "score": {"sample": {"0": {"execution_time": 0.1836388111114502, "passed": true}, "1": {"execution_time": 0.22021961212158203, "passed": true}, "2": {"execution_time": 0.1690690517425537, "passed": true}, "3": {"execution_time": 0.22704553604125977, "passed": true}, "4": {"execution_time": 0.2541177272796631, "passed": true}, "5": {"execution_time": 0.2145395278930664, "passed": true}, "6": {"execution_time": 0.22880268096923828, "passed": true}, "7": {"execution_time": 0.19840502738952637, "passed": true}, "8": {"execution_time": 0.19697046279907227, "passed": true}, "9": {"execution_time": 0.17919921875, "passed": true}, "10": {"execution_time": 0.21433186531066895, "passed": true}, "11": {"execution_time": 0.17949485778808594, "passed": true}, "12": {"execution_time": 0.1893935203552246, "passed": true}, "13": {"execution_time": 0.21577787399291992, "passed": true}, "14": {"execution_time": 0.16494441032409668, "passed": true}, "15": {"execution_time": 0.22404050827026367, "passed": true}, "16": {"execution_time": 0.2547755241394043, "passed": true}, "17": {"execution_time": 0.21759700775146484, "passed": true}, "18": {"execution_time": 0.2773303985595703, "passed": true}, "19": {"execution_time": 0.3034536838531494, "passed": true}, "20": {"execution_time": 0.28104567527770996, "passed": true}, "21": {"execution_time": 0.29845166206359863, "passed": true}, "22": {"execution_time": 0.2414989471435547, "passed": true}, "23": {"execution_time": 0.3273332118988037, "passed": true}}}, "check_style_score": "0/1"}