{"version": "1", "message": "ERROR: Hidden Testcases server unreachable.", "problem_id": "ads2_m2_a1_1", "user_id": "prathyushab14", "score": {"sample": {"0": {"execution_time": 0.2398066520690918, "passed": false}, "1": {"execution_time": 0.2081432342529297, "passed": false}, "2": {"execution_time": 0.2573111057281494, "passed": false}, "3": {"execution_time": 0.2182321548461914, "passed": true}, "4": {"execution_time": 0.1612715721130371, "passed": false}, "5": {"execution_time": 0.22063446044921875, "passed": false}, "6": {"execution_time": 0.23809814453125, "passed": false}, "7": {"execution_time": 0.2668278217315674, "passed": false}, "8": {"execution_time": 0.20860052108764648, "passed": false}, "9": {"execution_time": 0.21674728393554688, "passed": false}, "10": {"execution_time": 0.21329426765441895, "passed": false}, "11": {"execution_time": 0.24574780464172363, "passed": false}, "12": {"execution_time": 0.22229599952697754, "passed": false}, "13": {"execution_time": 0.23281431198120117, "passed": false}, "14": {"execution_time": 0.15924835205078125, "passed": false}, "15": {"execution_time": 0.2743511199951172, "passed": true}, "16": {"execution_time": 0.2310962677001953, "passed": false}, "17": {"execution_time": 0.23396563529968262, "passed": false}, "18": {"execution_time": 0.28190088272094727, "passed": false}, "19": {"execution_time": 0.2486863136291504, "passed": false}, "20": {"execution_time": 0.24968671798706055, "passed": false}, "21": {"execution_time": 0.2293257713317871, "passed": false}, "22": {"execution_time": 0.1638791561126709, "passed": false}, "23": {"execution_time": 0.15981721878051758, "passed": false}}}, "check_style_score": "0/1"}