{"version": "1", "message": "ERROR: Hidden Testcases server unreachable.", "problem_id": "ads2_m2_a1_1", "user_id": "prathyushab14", "score": {"sample": {"0": {"execution_time": 0.3215303421020508, "passed": false}, "1": {"execution_time": 0.2296464443206787, "passed": false}, "2": {"execution_time": 0.16843914985656738, "passed": false}, "3": {"execution_time": 0.2086620330810547, "passed": true}, "4": {"execution_time": 0.30745887756347656, "passed": false}, "5": {"execution_time": 0.1791214942932129, "passed": true}, "6": {"execution_time": 0.2588989734649658, "passed": false}, "7": {"execution_time": 0.17421436309814453, "passed": false}, "8": {"execution_time": 0.22678494453430176, "passed": false}, "9": {"execution_time": 0.2613966464996338, "passed": false}, "10": {"execution_time": 0.19098472595214844, "passed": false}, "11": {"execution_time": 0.25108885765075684, "passed": false}, "12": {"execution_time": 0.28093719482421875, "passed": false}, "13": {"execution_time": 0.24490094184875488, "passed": false}, "14": {"execution_time": 0.28205204010009766, "passed": false}, "15": {"execution_time": 0.30670881271362305, "passed": true}, "16": {"execution_time": 0.15944266319274902, "passed": false}, "17": {"execution_time": 0.20410513877868652, "passed": false}, "18": {"execution_time": 0.2525022029876709, "passed": false}, "19": {"execution_time": 0.2587454319000244, "passed": false}, "20": {"execution_time": 0.15834403038024902, "passed": false}, "21": {"execution_time": 0.16475367546081543, "passed": false}, "22": {"execution_time": 0.1659994125366211, "passed": false}, "23": {"execution_time": 0.28104090690612793, "passed": false}}}, "check_style_score": "0/1"}