{"version": "1", "message": "ERROR: Hidden Testcases server unreachable.", "problem_id": "ads2_m2_a1_1", "user_id": "prathyushab14", "score": {"sample": {"0": {"execution_time": 0.3218545913696289, "passed": true}, "1": {"execution_time": 0.25055980682373047, "passed": true}, "2": {"execution_time": 0.279343843460083, "passed": true}, "3": {"execution_time": 0.29112935066223145, "passed": true}, "4": {"execution_time": 0.2689383029937744, "passed": true}, "5": {"execution_time": 0.31006312370300293, "passed": true}, "6": {"execution_time": 0.26834797859191895, "passed": true}, "7": {"execution_time": 0.3445594310760498, "passed": true}, "8": {"execution_time": 0.283951997756958, "passed": true}, "9": {"execution_time": 0.3269767761230469, "passed": true}, "10": {"execution_time": 0.30371522903442383, "passed": true}, "11": {"execution_time": 0.3213043212890625, "passed": true}, "12": {"execution_time": 0.27296018600463867, "passed": true}, "13": {"execution_time": 0.27265214920043945, "passed": true}, "14": {"execution_time": 0.2702677249908447, "passed": true}, "15": {"execution_time": 0.33132100105285645, "passed": true}, "16": {"execution_time": 0.35282325744628906, "passed": true}, "17": {"execution_time": 0.37783026695251465, "passed": true}, "18": {"execution_time": 0.3023049831390381, "passed": true}, "19": {"execution_time": 0.29924798011779785, "passed": true}, "20": {"execution_time": 0.3803403377532959, "passed": true}, "21": {"execution_time": 0.30673718452453613, "passed": true}, "22": {"execution_time": 0.38687658309936523, "passed": true}, "23": {"execution_time": 0.4200913906097412, "passed": true}}}, "check_style_score": "0/1"}