{"version": "1", "message": "ERROR: Hidden Testcases server unreachable.", "problem_id": "ads2_m2_a1_1", "user_id": "prathyushab14", "score": {"sample": {"0": {"execution_time": 0.3514697551727295, "passed": true}, "1": {"execution_time": 0.28717660903930664, "passed": true}, "2": {"execution_time": 0.29616260528564453, "passed": true}, "3": {"execution_time": 0.26842403411865234, "passed": true}, "4": {"execution_time": 0.2980003356933594, "passed": true}, "5": {"execution_time": 0.2845478057861328, "passed": true}, "6": {"execution_time": 0.2633345127105713, "passed": true}, "7": {"execution_time": 0.2907688617706299, "passed": true}, "8": {"execution_time": 0.31661033630371094, "passed": true}, "9": {"execution_time": 0.29204821586608887, "passed": true}, "10": {"execution_time": 0.3026237487792969, "passed": true}, "11": {"execution_time": 0.2961771488189697, "passed": true}, "12": {"execution_time": 0.2857933044433594, "passed": true}, "13": {"execution_time": 0.3169980049133301, "passed": true}, "14": {"execution_time": 0.2830049991607666, "passed": true}, "15": {"execution_time": 0.33687639236450195, "passed": true}, "16": {"execution_time": 0.32536768913269043, "passed": true}, "17": {"execution_time": 0.34958434104919434, "passed": true}, "18": {"execution_time": 0.30533576011657715, "passed": true}, "19": {"execution_time": 0.3886404037475586, "passed": true}, "20": {"execution_time": 0.3263096809387207, "passed": true}, "21": {"execution_time": 0.33278965950012207, "passed": true}, "22": {"execution_time": 0.4667840003967285, "passed": true}, "23": {"execution_time": 0.3411564826965332, "passed": true}}}, "check_style_score": "0/1"}