{"version": "1", "message": "ERROR: Hidden Testcases server unreachable.", "problem_id": "ads2_m2_a1_1", "user_id": "prathyushab14", "score": {"sample": {"0": {"execution_time": 0.2932398319244385, "passed": true}, "1": {"execution_time": 0.24202299118041992, "passed": true}, "2": {"execution_time": 0.30750131607055664, "passed": true}, "3": {"execution_time": 0.281052827835083, "passed": true}, "4": {"execution_time": 0.2773263454437256, "passed": true}, "5": {"execution_time": 0.30202198028564453, "passed": true}, "6": {"execution_time": 0.2856931686401367, "passed": true}, "7": {"execution_time": 0.22627854347229004, "passed": true}, "8": {"execution_time": 0.2875056266784668, "passed": true}, "9": {"execution_time": 0.2808382511138916, "passed": true}, "10": {"execution_time": 0.2970855236053467, "passed": true}, "11": {"execution_time": 0.2633841037750244, "passed": true}, "12": {"execution_time": 0.30477476119995117, "passed": true}, "13": {"execution_time": 0.3283398151397705, "passed": true}, "14": {"execution_time": 0.28002071380615234, "passed": true}, "15": {"execution_time": 0.31211280822753906, "passed": true}, "16": {"execution_time": 0.3287057876586914, "passed": true}, "17": {"execution_time": 0.3446025848388672, "passed": true}, "18": {"execution_time": 0.33797788619995117, "passed": true}, "19": {"execution_time": 0.35875654220581055, "passed": true}, "20": {"execution_time": 0.37965965270996094, "passed": true}, "21": {"execution_time": 0.2931666374206543, "passed": true}, "22": {"execution_time": 0.39896392822265625, "passed": true}, "23": {"execution_time": 0.3939962387084961, "passed": true}}}, "check_style_score": "0/1"}