{"version": "1", "message": "ERROR: Hidden Testcases server unreachable.", "problem_id": "ads2_m2_a1_1", "user_id": "prathyushab14", "score": {"sample": {"0": {"execution_time": 0.35122156143188477, "passed": true}, "1": {"execution_time": 0.21841073036193848, "passed": true}, "2": {"execution_time": 0.28581881523132324, "passed": true}, "3": {"execution_time": 0.2742283344268799, "passed": true}, "4": {"execution_time": 0.3056986331939697, "passed": true}, "5": {"execution_time": 0.2892782688140869, "passed": true}, "6": {"execution_time": 0.24360036849975586, "passed": true}, "7": {"execution_time": 0.3089609146118164, "passed": true}, "8": {"execution_time": 0.3096330165863037, "passed": true}, "9": {"execution_time": 0.29951024055480957, "passed": true}, "10": {"execution_time": 0.24662184715270996, "passed": true}, "11": {"execution_time": 0.28766584396362305, "passed": true}, "12": {"execution_time": 0.31269073486328125, "passed": true}, "13": {"execution_time": 0.3193638324737549, "passed": true}, "14": {"execution_time": 0.3190789222717285, "passed": true}, "15": {"execution_time": 0.3203542232513428, "passed": true}, "16": {"execution_time": 0.2922532558441162, "passed": true}, "17": {"execution_time": 0.3641703128814697, "passed": true}, "18": {"execution_time": 0.3302774429321289, "passed": true}, "19": {"execution_time": 0.355762243270874, "passed": true}, "20": {"execution_time": 0.37094950675964355, "passed": true}, "21": {"execution_time": 0.29462695121765137, "passed": true}, "22": {"execution_time": 0.369875431060791, "passed": true}, "23": {"execution_time": 0.42540431022644043, "passed": true}}}, "check_style_score": "0/1"}