{"version": "1", "message": "ERROR: Hidden Testcases server unreachable.", "problem_id": "ads2_m2_a1_1", "user_id": "prathyushab14", "score": {"sample": {"0": {"execution_time": 0.25478601455688477, "passed": true}, "1": {"execution_time": 0.2393321990966797, "passed": false}, "2": {"execution_time": 0.26526594161987305, "passed": false}, "3": {"execution_time": 0.2336733341217041, "passed": true}, "4": {"execution_time": 0.17065858840942383, "passed": false}, "5": {"execution_time": 0.20639562606811523, "passed": false}, "6": {"execution_time": 0.2543630599975586, "passed": false}, "7": {"execution_time": 0.14369606971740723, "passed": false}, "8": {"execution_time": 0.15897607803344727, "passed": false}, "9": {"execution_time": 0.20724201202392578, "passed": false}, "10": {"execution_time": 0.213792085647583, "passed": false}, "11": {"execution_time": 0.23005986213684082, "passed": false}, "12": {"execution_time": 0.20163536071777344, "passed": false}, "13": {"execution_time": 0.28429460525512695, "passed": false}, "14": {"execution_time": 0.26918911933898926, "passed": false}, "15": {"execution_time": 0.1657547950744629, "passed": false}, "16": {"execution_time": 0.23763155937194824, "passed": false}, "17": {"execution_time": 0.2183547019958496, "passed": false}, "18": {"execution_time": 0.26388001441955566, "passed": false}, "19": {"execution_time": 0.20463252067565918, "passed": false}, "20": {"execution_time": 0.21693038940429688, "passed": false}, "21": {"execution_time": 0.23003411293029785, "passed": false}, "22": {"execution_time": 0.20128631591796875, "passed": false}, "23": {"execution_time": 0.1589646339416504, "passed": false}}}, "check_style_score": "0/1"}