{"version": "1", "message": "ERROR: Hidden Testcases server unreachable.", "problem_id": "ads2_m2_a1_1", "user_id": "prathyushab14", "score": {"sample": {"0": {"execution_time": 0.346205472946167, "passed": true}, "1": {"execution_time": 0.2689962387084961, "passed": true}, "2": {"execution_time": 0.31545114517211914, "passed": true}, "3": {"execution_time": 0.28591370582580566, "passed": true}, "4": {"execution_time": 0.25262928009033203, "passed": true}, "5": {"execution_time": 0.27556490898132324, "passed": true}, "6": {"execution_time": 0.26281023025512695, "passed": true}, "7": {"execution_time": 0.2673332691192627, "passed": true}, "8": {"execution_time": 0.31061410903930664, "passed": true}, "9": {"execution_time": 0.29428958892822266, "passed": true}, "10": {"execution_time": 0.27178263664245605, "passed": true}, "11": {"execution_time": 0.24481201171875, "passed": true}, "12": {"execution_time": 0.260575532913208, "passed": true}, "13": {"execution_time": 0.2828855514526367, "passed": true}, "14": {"execution_time": 0.2968769073486328, "passed": true}, "15": {"execution_time": 0.3243238925933838, "passed": true}, "16": {"execution_time": 0.328784704208374, "passed": true}, "17": {"execution_time": 0.31667518615722656, "passed": true}, "18": {"execution_time": 0.30794191360473633, "passed": true}, "19": {"execution_time": 0.3360297679901123, "passed": true}, "20": {"execution_time": 0.42032694816589355, "passed": true}, "21": {"execution_time": 0.268796443939209, "passed": true}, "22": {"execution_time": 0.4060957431793213, "passed": true}, "23": {"execution_time": 0.4223344326019287, "passed": true}}}, "check_style_score": "0/1"}