{"version": "1", "message": "ERROR: Hidden Testcases server unreachable.", "problem_id": "ads2_m2_a1_1", "user_id": "prathyushab14", "score": {"sample": {"0": {"execution_time": 0.3697361946105957, "passed": true}, "1": {"execution_time": 0.320098876953125, "passed": true}, "2": {"execution_time": 0.3011624813079834, "passed": true}, "3": {"execution_time": 0.2858295440673828, "passed": true}, "4": {"execution_time": 0.31424880027770996, "passed": true}, "5": {"execution_time": 0.30086517333984375, "passed": true}, "6": {"execution_time": 0.30501866340637207, "passed": true}, "7": {"execution_time": 0.2803061008453369, "passed": true}, "8": {"execution_time": 0.3280673027038574, "passed": true}, "9": {"execution_time": 0.2849106788635254, "passed": true}, "10": {"execution_time": 0.30135536193847656, "passed": true}, "11": {"execution_time": 0.2790963649749756, "passed": true}, "12": {"execution_time": 0.2821955680847168, "passed": true}, "13": {"execution_time": 0.2971043586730957, "passed": true}, "14": {"execution_time": 0.25636792182922363, "passed": true}, "15": {"execution_time": 0.32735276222229004, "passed": true}, "16": {"execution_time": 0.2906064987182617, "passed": true}, "17": {"execution_time": 0.38991355895996094, "passed": true}, "18": {"execution_time": 0.3368082046508789, "passed": true}, "19": {"execution_time": 0.3919546604156494, "passed": true}, "20": {"execution_time": 0.378739595413208, "passed": true}, "21": {"execution_time": 0.3138895034790039, "passed": true}, "22": {"execution_time": 0.3998262882232666, "passed": true}, "23": {"execution_time": 0.43318915367126465, "passed": true}}}, "check_style_score": "0/1"}