{"version": "1", "message": "ERROR: Hidden Testcases server unreachable.", "problem_id": "ads2_m16_a1_1", "user_id": "prathyushab14", "score": {"sample": {"0": {"execution_time": 0.31560802459716797, "passed": false}, "1": {"execution_time": 0.3298630714416504, "passed": false}, "2": {"execution_time": 0.5855093002319336, "passed": false}, "3": {"execution_time": 0.5817077159881592, "passed": false}, "4": {"execution_time": 0.6308646202087402, "passed": false}, "5": {"execution_time": 0.5960323810577393, "passed": false}, "6": {"execution_time": 0.600693941116333, "passed": false}, "7": {"execution_time": 0.5917153358459473, "passed": false}, "8": {"execution_time": 0.37166810035705566, "passed": false}, "9": {"execution_time": 0.5749161243438721, "passed": false}, "10": {"execution_time": 0.5222153663635254, "passed": false}, "11": {"execution_time": 0.29033875465393066, "passed": false}, "12": {"execution_time": 0.6038315296173096, "passed": false}, "13": {"execution_time": 0.2897469997406006, "passed": true}, "14": {"execution_time": 0.5777232646942139, "passed": false}, "15": {"execution_time": 0.5698983669281006, "passed": false}, "16": {"execution_time": 0.35204601287841797, "passed": false}, "17": {"execution_time": 0.3181891441345215, "passed": false}, "18": {"execution_time": 0.32645487785339355, "passed": false}, "19": {"execution_time": 0.3753819465637207, "passed": false}, "20": {"execution_time": 0.36179614067077637, "passed": false}, "21": {"execution_time": 0.33750414848327637, "passed": false}, "22": {"execution_time": 0.32720112800598145, "passed": false}, "23": {"execution_time": 0.36385321617126465, "passed": false}, "24": {"execution_time": 0.27568817138671875, "passed": true}, "25": {"execution_time": 0.5709969997406006, "passed": false}, "26": {"execution_time": 0.5022780895233154, "passed": false}, "27": {"execution_time": 0.5193231105804443, "passed": false}, "28": {"execution_time": 0.7897443771362305, "passed": false}, "29": {"execution_time": 0.3508753776550293, "passed": false}}}, "check_style_score": "0/1"}