{"version": "1", "message": "ERROR: Hidden Testcases server unreachable.", "problem_id": "ads2_m16_a1_1", "user_id": "prathyushab14", "score": {"sample": {"0": {"execution_time": 0.4233357906341553, "passed": true}, "1": {"execution_time": 0.48360681533813477, "passed": true}, "2": {"execution_time": 1.2013845443725586, "passed": true}, "3": {"execution_time": 0.7823612689971924, "passed": true}, "4": {"execution_time": 0.5829305648803711, "passed": true}, "5": {"execution_time": 0.6533138751983643, "passed": true}, "6": {"execution_time": 0.5507774353027344, "passed": true}, "7": {"execution_time": 0.6304242610931396, "passed": true}, "8": {"execution_time": 0.570814847946167, "passed": true}, "9": {"execution_time": 0.7752077579498291, "passed": true}, "10": {"execution_time": 0.668637752532959, "passed": true}, "11": {"execution_time": 3.9168102741241455, "passed": true}, "12": {"execution_time": 0.6409790515899658, "passed": true}, "13": {"execution_time": 0.28525424003601074, "passed": true}, "14": {"execution_time": 0.6240119934082031, "passed": true}, "15": {"execution_time": 0.6261861324310303, "passed": true}, "16": {"execution_time": 0.461655855178833, "passed": true}, "17": {"execution_time": 0.41120266914367676, "passed": true}, "18": {"execution_time": 0.3460226058959961, "passed": true}, "19": {"execution_time": 0.44203853607177734, "passed": true}, "20": {"execution_time": 0.4530935287475586, "passed": true}, "21": {"execution_time": 0.39234447479248047, "passed": true}, "22": {"execution_time": 0.3205840587615967, "passed": true}, "23": {"execution_time": 0.30991291999816895, "passed": true}, "24": {"execution_time": 0.3238205909729004, "passed": true}, "25": {"execution_time": 0.7294204235076904, "passed": true}, "26": {"execution_time": 0.6541354656219482, "passed": true}, "27": {"execution_time": 1.555483341217041, "passed": true}, "28": {"execution_time": 2.0157644748687744, "passed": true}, "29": {"execution_time": 0.2749323844909668, "passed": true}}}, "check_style_score": "0/1"}