{"version": "1", "message": "ERROR: Hidden Testcases server unreachable.", "problem_id": "ads2_m16_a1_1", "user_id": "prathyushab14", "score": {"sample": {"0": {"execution_time": 0.39133596420288086, "passed": false}, "1": {"execution_time": 0.2205944061279297, "passed": false}, "2": {"execution_time": 0.4846203327178955, "passed": false}, "3": {"execution_time": 0.46871018409729004, "passed": false}, "4": {"execution_time": 0.4799227714538574, "passed": false}, "5": {"execution_time": 0.4747326374053955, "passed": false}, "6": {"execution_time": 0.46436309814453125, "passed": false}, "7": {"execution_time": 0.48392486572265625, "passed": false}, "8": {"execution_time": 0.23440265655517578, "passed": false}, "9": {"execution_time": 0.45348072052001953, "passed": false}, "10": {"execution_time": 0.48558783531188965, "passed": false}, "11": {"execution_time": 0.22488069534301758, "passed": false}, "12": {"execution_time": 0.5010535717010498, "passed": false}, "13": {"execution_time": 0.21884751319885254, "passed": true}, "14": {"execution_time": 0.46880078315734863, "passed": false}, "15": {"execution_time": 0.4680781364440918, "passed": false}, "16": {"execution_time": 0.23444533348083496, "passed": false}, "17": {"execution_time": 0.2184441089630127, "passed": false}, "18": {"execution_time": 0.2350168228149414, "passed": false}, "19": {"execution_time": 0.26564598083496094, "passed": false}, "20": {"execution_time": 0.26564478874206543, "passed": false}, "21": {"execution_time": 0.24730944633483887, "passed": false}, "22": {"execution_time": 0.250568151473999, "passed": false}, "23": {"execution_time": 0.250077486038208, "passed": false}, "24": {"execution_time": 0.1594085693359375, "passed": true}, "25": {"execution_time": 0.4809589385986328, "passed": false}, "26": {"execution_time": 0.39887547492980957, "passed": false}, "27": {"execution_time": 0.4798741340637207, "passed": false}, "28": {"execution_time": 0.7511923313140869, "passed": false}, "29": {"execution_time": 0.3197023868560791, "passed": false}}}, "check_style_score": "0/1"}