{"version": "1", "message": "ERROR: Hidden Testcases server unreachable.", "problem_id": "ads2_m16_a1_1", "user_id": "prathyushab14", "score": {"sample": {"0": {"execution_time": 0.5006923675537109, "passed": true}, "1": {"execution_time": 0.46584296226501465, "passed": true}, "2": {"execution_time": 0.9957070350646973, "passed": true}, "3": {"execution_time": 1.0915074348449707, "passed": true}, "4": {"execution_time": 1.0817298889160156, "passed": true}, "5": {"execution_time": 1.1351344585418701, "passed": true}, "6": {"execution_time": 1.1872951984405518, "passed": true}, "7": {"execution_time": 1.0600934028625488, "passed": true}, "8": {"execution_time": 0.43251872062683105, "passed": true}, "9": {"execution_time": 1.154151439666748, "passed": true}, "10": {"execution_time": 1.065490484237671, "passed": true}, "11": {"execution_time": 3.894239664077759, "passed": true}, "12": {"execution_time": 0.6814250946044922, "passed": true}, "13": {"execution_time": 0.43021130561828613, "passed": true}, "14": {"execution_time": 1.0794789791107178, "passed": true}, "15": {"execution_time": 1.0773439407348633, "passed": true}, "16": {"execution_time": 0.5156333446502686, "passed": true}, "17": {"execution_time": 0.5386040210723877, "passed": true}, "18": {"execution_time": 0.5347867012023926, "passed": true}, "19": {"execution_time": 0.6264533996582031, "passed": true}, "20": {"execution_time": 0.7316608428955078, "passed": true}, "21": {"execution_time": 0.6700468063354492, "passed": true}, "22": {"execution_time": 0.6076235771179199, "passed": true}, "23": {"execution_time": 0.5345630645751953, "passed": true}, "24": {"execution_time": 0.47626471519470215, "passed": true}, "25": {"execution_time": 1.3375968933105469, "passed": true}, "26": {"execution_time": 1.0426273345947266, "passed": true}, "27": {"execution_time": 1.4102122783660889, "passed": true}, "28": {"execution_time": 1.888319730758667, "passed": true}, "29": {"execution_time": 0.4281289577484131, "passed": true}}}, "check_style_score": "0/1"}