{"version": "1", "message": "ERROR: Hidden Testcases server unreachable.", "problem_id": "ads2_m16_a1_1", "user_id": "prathyushab14", "score": {"sample": {"0": {"execution_time": 0.8056504726409912, "passed": true}, "1": {"execution_time": 0.4883711338043213, "passed": true}, "2": {"execution_time": 1.1996212005615234, "passed": true}, "3": {"execution_time": 0.5802369117736816, "passed": true}, "4": {"execution_time": 0.6524505615234375, "passed": true}, "5": {"execution_time": 0.8362436294555664, "passed": true}, "6": {"execution_time": 0.5430924892425537, "passed": true}, "7": {"execution_time": 0.5389184951782227, "passed": true}, "8": {"execution_time": 0.3424112796783447, "passed": true}, "9": {"execution_time": 0.5445609092712402, "passed": true}, "10": {"execution_time": 0.5177121162414551, "passed": true}, "11": {"execution_time": 3.704249382019043, "passed": true}, "12": {"execution_time": 0.5430178642272949, "passed": true}, "13": {"execution_time": 0.3471109867095947, "passed": true}, "14": {"execution_time": 0.4992225170135498, "passed": true}, "15": {"execution_time": 0.6842386722564697, "passed": true}, "16": {"execution_time": 0.4101095199584961, "passed": true}, "17": {"execution_time": 0.2945568561553955, "passed": true}, "18": {"execution_time": 0.3643019199371338, "passed": true}, "19": {"execution_time": 0.32677388191223145, "passed": true}, "20": {"execution_time": 0.5174081325531006, "passed": true}, "21": {"execution_time": 0.3480501174926758, "passed": true}, "22": {"execution_time": 0.30817103385925293, "passed": true}, "23": {"execution_time": 0.4259374141693115, "passed": true}, "24": {"execution_time": 0.20045137405395508, "passed": true}, "25": {"execution_time": 0.712803840637207, "passed": true}, "26": {"execution_time": 0.6727139949798584, "passed": true}, "27": {"execution_time": 0.7493107318878174, "passed": true}, "28": {"execution_time": 1.2405664920806885, "passed": true}, "29": {"execution_time": 0.8457968235015869, "passed": true}}}, "check_style_score": "0/1"}