{"version": "1", "message": "ERROR: Hidden Testcases server unreachable.", "problem_id": "ads2_m16_a1_1", "user_id": "prathyushab14", "score": {"sample": {"0": {"execution_time": 0.46358180046081543, "passed": true}, "1": {"execution_time": 0.4477355480194092, "passed": true}, "2": {"execution_time": 0.7939269542694092, "passed": true}, "3": {"execution_time": 0.7883727550506592, "passed": true}, "4": {"execution_time": 0.7642858028411865, "passed": true}, "5": {"execution_time": 0.7785964012145996, "passed": true}, "6": {"execution_time": 0.7888438701629639, "passed": true}, "7": {"execution_time": 0.8724977970123291, "passed": true}, "8": {"execution_time": 0.5325751304626465, "passed": true}, "9": {"execution_time": 0.7985303401947021, "passed": true}, "10": {"execution_time": 0.8199148178100586, "passed": true}, "11": {"execution_time": 4.8854451179504395, "passed": true}, "12": {"execution_time": 0.8540873527526855, "passed": true}, "13": {"execution_time": 0.497495174407959, "passed": true}, "14": {"execution_time": 0.8211920261383057, "passed": true}, "15": {"execution_time": 0.8133490085601807, "passed": true}, "16": {"execution_time": 0.5726428031921387, "passed": true}, "17": {"execution_time": 0.4057905673980713, "passed": true}, "18": {"execution_time": 0.47686314582824707, "passed": true}, "19": {"execution_time": 0.5258681774139404, "passed": true}, "20": {"execution_time": 0.5458879470825195, "passed": true}, "21": {"execution_time": 0.42896318435668945, "passed": true}, "22": {"execution_time": 0.5047173500061035, "passed": true}, "23": {"execution_time": 0.5191097259521484, "passed": true}, "24": {"execution_time": 0.3848998546600342, "passed": true}, "25": {"execution_time": 0.9761002063751221, "passed": true}, "26": {"execution_time": 0.9290618896484375, "passed": true}, "27": {"execution_time": 1.5336596965789795, "passed": true}, "28": {"execution_time": 0.9475176334381104, "passed": true}, "29": {"execution_time": 0.23362159729003906, "passed": true}}}, "check_style_score": "0/1"}