{"version": "1", "message": "ERROR: Hidden Testcases server unreachable.", "problem_id": "ads2_m16_a1_1", "user_id": "prathyushab14", "score": {"sample": {"0": {"execution_time": 0.37879300117492676, "passed": true}, "1": {"execution_time": 0.35121989250183105, "passed": true}, "2": {"execution_time": 0.5437066555023193, "passed": true}, "3": {"execution_time": 0.6033298969268799, "passed": true}, "4": {"execution_time": 0.5077188014984131, "passed": true}, "5": {"execution_time": 0.6566314697265625, "passed": true}, "6": {"execution_time": 0.586050271987915, "passed": true}, "7": {"execution_time": 0.6099729537963867, "passed": true}, "8": {"execution_time": 0.43125081062316895, "passed": true}, "9": {"execution_time": 0.5723061561584473, "passed": true}, "10": {"execution_time": 0.5939538478851318, "passed": true}, "11": {"execution_time": 3.6305055618286133, "passed": true}, "12": {"execution_time": 0.6513566970825195, "passed": true}, "13": {"execution_time": 0.37830615043640137, "passed": true}, "14": {"execution_time": 0.6013102531433105, "passed": true}, "15": {"execution_time": 0.6427221298217773, "passed": true}, "16": {"execution_time": 0.36041879653930664, "passed": true}, "17": {"execution_time": 0.32143211364746094, "passed": true}, "18": {"execution_time": 0.31685829162597656, "passed": true}, "19": {"execution_time": 0.3867156505584717, "passed": true}, "20": {"execution_time": 0.4060373306274414, "passed": true}, "21": {"execution_time": 0.37003421783447266, "passed": true}, "22": {"execution_time": 0.3376152515411377, "passed": true}, "23": {"execution_time": 0.37570905685424805, "passed": true}, "24": {"execution_time": 0.32703208923339844, "passed": true}, "25": {"execution_time": 0.6979193687438965, "passed": true}, "26": {"execution_time": 0.6702702045440674, "passed": true}, "27": {"execution_time": 0.9313690662384033, "passed": true}, "28": {"execution_time": 1.1103990077972412, "passed": true}, "29": {"execution_time": 0.2876148223876953, "passed": true}}}, "check_style_score": "0/1"}