{"version": "1", "message": "ERROR: Hidden Testcases server unreachable.", "problem_id": "ads2_m16_a1_1", "user_id": "prathyushab14", "score": {"sample": {"0": {"execution_time": 0.42963504791259766, "passed": true}, "1": {"execution_time": 0.518444299697876, "passed": true}, "2": {"execution_time": 0.7378542423248291, "passed": true}, "3": {"execution_time": 0.7665400505065918, "passed": true}, "4": {"execution_time": 0.8516848087310791, "passed": true}, "5": {"execution_time": 0.8938894271850586, "passed": true}, "6": {"execution_time": 0.8593144416809082, "passed": true}, "7": {"execution_time": 0.8347089290618896, "passed": true}, "8": {"execution_time": 0.48823118209838867, "passed": true}, "9": {"execution_time": 0.8053584098815918, "passed": true}, "10": {"execution_time": 0.7954833507537842, "passed": true}, "11": {"execution_time": 4.89323353767395, "passed": true}, "12": {"execution_time": 0.8226597309112549, "passed": true}, "13": {"execution_time": 0.45211005210876465, "passed": true}, "14": {"execution_time": 0.7731988430023193, "passed": true}, "15": {"execution_time": 0.7611703872680664, "passed": true}, "16": {"execution_time": 0.5168330669403076, "passed": true}, "17": {"execution_time": 0.5221683979034424, "passed": true}, "18": {"execution_time": 0.48019838333129883, "passed": true}, "19": {"execution_time": 0.5235767364501953, "passed": true}, "20": {"execution_time": 0.5112245082855225, "passed": true}, "21": {"execution_time": 0.48113131523132324, "passed": true}, "22": {"execution_time": 0.48960328102111816, "passed": true}, "23": {"execution_time": 0.5076842308044434, "passed": true}, "24": {"execution_time": 0.34659767150878906, "passed": true}, "25": {"execution_time": 0.9712796211242676, "passed": true}, "26": {"execution_time": 1.0278618335723877, "passed": true}, "27": {"execution_time": 1.2275333404541016, "passed": true}, "28": {"execution_time": 1.8131153583526611, "passed": true}, "29": {"execution_time": 0.3375566005706787, "passed": true}}}, "check_style_score": "0/1"}