{"version": "1", "message": "ERROR: Hidden Testcases server unreachable.", "problem_id": "ads2_m16_a1_1", "user_id": "prathyushab14", "score": {"sample": {"0": {"execution_time": 0.3146960735321045, "passed": false}, "1": {"execution_time": 0.32436561584472656, "passed": false}, "2": {"execution_time": 0.6263270378112793, "passed": false}, "3": {"execution_time": 0.5756933689117432, "passed": false}, "4": {"execution_time": 0.5798723697662354, "passed": false}, "5": {"execution_time": 0.5642380714416504, "passed": false}, "6": {"execution_time": 0.599642276763916, "passed": false}, "7": {"execution_time": 0.6022458076477051, "passed": false}, "8": {"execution_time": 0.3776271343231201, "passed": false}, "9": {"execution_time": 0.5539157390594482, "passed": false}, "10": {"execution_time": 0.5788557529449463, "passed": false}, "11": {"execution_time": 0.327594518661499, "passed": false}, "12": {"execution_time": 0.6135504245758057, "passed": false}, "13": {"execution_time": 0.29964280128479004, "passed": true}, "14": {"execution_time": 0.6012988090515137, "passed": false}, "15": {"execution_time": 0.6301465034484863, "passed": false}, "16": {"execution_time": 0.3988983631134033, "passed": false}, "17": {"execution_time": 0.36556124687194824, "passed": true}, "18": {"execution_time": 0.3815445899963379, "passed": false}, "19": {"execution_time": 0.35255002975463867, "passed": false}, "20": {"execution_time": 0.35886049270629883, "passed": false}, "21": {"execution_time": 0.40441393852233887, "passed": false}, "22": {"execution_time": 0.36599063873291016, "passed": false}, "23": {"execution_time": 0.42688512802124023, "passed": false}, "24": {"execution_time": 0.3220193386077881, "passed": true}, "25": {"execution_time": 0.5974304676055908, "passed": false}, "26": {"execution_time": 0.4631361961364746, "passed": false}, "27": {"execution_time": 0.583308219909668, "passed": false}, "28": {"execution_time": 0.885908842086792, "passed": false}, "29": {"execution_time": 0.31116390228271484, "passed": false}}}, "check_style_score": "0/1"}