{"version": "1", "message": "ERROR: Hidden Testcases server unreachable.", "problem_id": "ads2_m16_a1_1", "user_id": "prathyushab14", "score": {"sample": {"0": {"execution_time": 0.5317845344543457, "passed": false}, "1": {"execution_time": 0.4540731906890869, "passed": false}, "2": {"execution_time": 1.1026091575622559, "passed": false}, "3": {"execution_time": 1.1664814949035645, "passed": false}, "4": {"execution_time": 1.1775012016296387, "passed": false}, "5": {"execution_time": 0.581549882888794, "passed": false}, "6": {"execution_time": 0.6045324802398682, "passed": false}, "7": {"execution_time": 0.5831563472747803, "passed": false}, "8": {"execution_time": 0.3664267063140869, "passed": false}, "9": {"execution_time": 0.6312716007232666, "passed": false}, "10": {"execution_time": 1.1508853435516357, "passed": false}, "11": {"execution_time": 0.44085264205932617, "passed": false}, "12": {"execution_time": 1.1556832790374756, "passed": false}, "13": {"execution_time": 0.4871981143951416, "passed": true}, "14": {"execution_time": 1.1181161403656006, "passed": false}, "15": {"execution_time": 1.1284477710723877, "passed": false}, "16": {"execution_time": 0.5900847911834717, "passed": false}, "17": {"execution_time": 0.5843596458435059, "passed": false}, "18": {"execution_time": 0.5695605278015137, "passed": false}, "19": {"execution_time": 0.5685064792633057, "passed": false}, "20": {"execution_time": 0.5978868007659912, "passed": false}, "21": {"execution_time": 0.5564346313476562, "passed": false}, "22": {"execution_time": 0.5773310661315918, "passed": false}, "23": {"execution_time": 0.579552412033081, "passed": false}, "24": {"execution_time": 0.4391603469848633, "passed": true}, "25": {"execution_time": 1.1420419216156006, "passed": false}, "26": {"execution_time": 0.9156880378723145, "passed": false}, "27": {"execution_time": 1.1153483390808105, "passed": false}, "28": {"execution_time": 0.9559941291809082, "passed": false}, "29": {"execution_time": 0.34383630752563477, "passed": false}}}, "check_style_score": "0/1"}