{"version": "1", "message": "ERROR: Hidden Testcases server unreachable.", "problem_id": "ads2_m16_a1_1", "user_id": "prathyushab14", "score": {"sample": {"0": {"execution_time": 0.3754136562347412, "passed": false}, "1": {"execution_time": 0.26863622665405273, "passed": false}, "2": {"execution_time": 0.5964782238006592, "passed": false}, "3": {"execution_time": 0.5356042385101318, "passed": false}, "4": {"execution_time": 0.5735995769500732, "passed": false}, "5": {"execution_time": 0.5913126468658447, "passed": false}, "6": {"execution_time": 0.5869021415710449, "passed": false}, "7": {"execution_time": 0.622189998626709, "passed": false}, "8": {"execution_time": 0.3576817512512207, "passed": false}, "9": {"execution_time": 0.6416115760803223, "passed": false}, "10": {"execution_time": 0.5111343860626221, "passed": false}, "11": {"execution_time": 0.2978835105895996, "passed": false}, "12": {"execution_time": 0.6012792587280273, "passed": false}, "13": {"execution_time": 0.3593590259552002, "passed": true}, "14": {"execution_time": 0.5858497619628906, "passed": false}, "15": {"execution_time": 0.5902397632598877, "passed": false}, "16": {"execution_time": 0.36721014976501465, "passed": false}, "17": {"execution_time": 0.3582456111907959, "passed": false}, "18": {"execution_time": 0.3649766445159912, "passed": false}, "19": {"execution_time": 0.31403565406799316, "passed": false}, "20": {"execution_time": 0.365553617477417, "passed": false}, "21": {"execution_time": 0.2909729480743408, "passed": false}, "22": {"execution_time": 0.3570382595062256, "passed": false}, "23": {"execution_time": 0.3759341239929199, "passed": false}, "24": {"execution_time": 0.32820987701416016, "passed": true}, "25": {"execution_time": 0.6034646034240723, "passed": false}, "26": {"execution_time": 0.5222194194793701, "passed": false}, "27": {"execution_time": 0.6042361259460449, "passed": false}, "28": {"execution_time": 0.8806586265563965, "passed": false}, "29": {"execution_time": 0.35794949531555176, "passed": false}}}, "check_style_score": "0/1"}