{"version": "1", "message": "ERROR: Hidden Testcases server unreachable.", "problem_id": "ads2_m16_a1_1", "user_id": "prathyushab14", "score": {"sample": {"0": {"execution_time": 0.33249521255493164, "passed": false}, "1": {"execution_time": 0.3317983150482178, "passed": false}, "2": {"execution_time": 0.6442322731018066, "passed": false}, "3": {"execution_time": 0.626502275466919, "passed": false}, "4": {"execution_time": 0.5970611572265625, "passed": false}, "5": {"execution_time": 0.555260419845581, "passed": false}, "6": {"execution_time": 0.6392519474029541, "passed": false}, "7": {"execution_time": 0.5611655712127686, "passed": false}, "8": {"execution_time": 0.35300278663635254, "passed": false}, "9": {"execution_time": 0.5972297191619873, "passed": false}, "10": {"execution_time": 0.6366915702819824, "passed": false}, "11": {"execution_time": 0.2952611446380615, "passed": false}, "12": {"execution_time": 0.5883867740631104, "passed": false}, "13": {"execution_time": 0.2845640182495117, "passed": true}, "14": {"execution_time": 0.6085860729217529, "passed": false}, "15": {"execution_time": 0.6180922985076904, "passed": false}, "16": {"execution_time": 0.3470172882080078, "passed": false}, "17": {"execution_time": 0.37717294692993164, "passed": false}, "18": {"execution_time": 0.3393101692199707, "passed": false}, "19": {"execution_time": 0.3028090000152588, "passed": false}, "20": {"execution_time": 0.3813762664794922, "passed": false}, "21": {"execution_time": 0.37186598777770996, "passed": false}, "22": {"execution_time": 0.3048114776611328, "passed": false}, "23": {"execution_time": 0.38695764541625977, "passed": false}, "24": {"execution_time": 0.3576850891113281, "passed": true}, "25": {"execution_time": 0.5813760757446289, "passed": false}, "26": {"execution_time": 0.423386812210083, "passed": false}, "27": {"execution_time": 0.5828604698181152, "passed": false}, "28": {"execution_time": 0.8880050182342529, "passed": false}, "29": {"execution_time": 0.3168950080871582, "passed": false}}}, "check_style_score": "0/1"}