{"version": "1", "message": "ERROR: Hidden Testcases server unreachable.", "problem_id": "ads2_m16_a1_1", "user_id": "prathyushab14", "score": {"sample": {"0": {"execution_time": 0.589320182800293, "passed": true}, "1": {"execution_time": 0.3293802738189697, "passed": true}, "2": {"execution_time": 0.6780412197113037, "passed": true}, "3": {"execution_time": 0.7470579147338867, "passed": true}, "4": {"execution_time": 0.7269077301025391, "passed": true}, "5": {"execution_time": 0.6972270011901855, "passed": true}, "6": {"execution_time": 0.7328484058380127, "passed": true}, "7": {"execution_time": 0.6084306240081787, "passed": true}, "8": {"execution_time": 0.5643763542175293, "passed": true}, "9": {"execution_time": 0.5815830230712891, "passed": true}, "10": {"execution_time": 0.5859878063201904, "passed": true}, "11": {"execution_time": 4.282539129257202, "passed": true}, "12": {"execution_time": 0.6206958293914795, "passed": true}, "13": {"execution_time": 0.3997955322265625, "passed": true}, "14": {"execution_time": 0.6952202320098877, "passed": true}, "15": {"execution_time": 0.7891123294830322, "passed": true}, "16": {"execution_time": 0.4672825336456299, "passed": true}, "17": {"execution_time": 0.3856668472290039, "passed": true}, "18": {"execution_time": 0.3728907108306885, "passed": true}, "19": {"execution_time": 0.3504185676574707, "passed": true}, "20": {"execution_time": 0.3788182735443115, "passed": true}, "21": {"execution_time": 0.4465451240539551, "passed": true}, "22": {"execution_time": 0.41709256172180176, "passed": true}, "23": {"execution_time": 0.2612597942352295, "passed": true}, "24": {"execution_time": 0.30207300186157227, "passed": true}, "25": {"execution_time": 0.8028571605682373, "passed": true}, "26": {"execution_time": 0.8533072471618652, "passed": true}, "27": {"execution_time": 0.8386611938476562, "passed": true}, "28": {"execution_time": 1.244431495666504, "passed": true}, "29": {"execution_time": 0.44710469245910645, "passed": true}}}, "check_style_score": "0/1"}