{"version": "1", "message": "ERROR: Hidden Testcases server unreachable.", "problem_id": "ads2_m16_a1_1", "user_id": "prathyushab14", "score": {"sample": {"0": {"execution_time": 0.28383612632751465, "passed": false}, "1": {"execution_time": 0.23562002182006836, "passed": false}, "2": {"execution_time": 0.5478622913360596, "passed": false}, "3": {"execution_time": 0.5798873901367188, "passed": false}, "4": {"execution_time": 0.5865800380706787, "passed": false}, "5": {"execution_time": 0.5673642158508301, "passed": false}, "6": {"execution_time": 0.5561935901641846, "passed": false}, "7": {"execution_time": 0.6012067794799805, "passed": false}, "8": {"execution_time": 0.3259165287017822, "passed": false}, "9": {"execution_time": 0.5814838409423828, "passed": false}, "10": {"execution_time": 0.5270681381225586, "passed": false}, "11": {"execution_time": 0.29602575302124023, "passed": false}, "12": {"execution_time": 0.6046135425567627, "passed": false}, "13": {"execution_time": 0.29883790016174316, "passed": true}, "14": {"execution_time": 0.6019833087921143, "passed": false}, "15": {"execution_time": 0.618781566619873, "passed": false}, "16": {"execution_time": 0.41492748260498047, "passed": false}, "17": {"execution_time": 0.3022027015686035, "passed": true}, "18": {"execution_time": 0.3606841564178467, "passed": false}, "19": {"execution_time": 0.3551347255706787, "passed": false}, "20": {"execution_time": 0.43416690826416016, "passed": false}, "21": {"execution_time": 0.4038541316986084, "passed": false}, "22": {"execution_time": 0.39037227630615234, "passed": false}, "23": {"execution_time": 0.381821870803833, "passed": false}, "24": {"execution_time": 0.29163050651550293, "passed": true}, "25": {"execution_time": 0.6267468929290771, "passed": false}, "26": {"execution_time": 0.48698854446411133, "passed": false}, "27": {"execution_time": 0.5898561477661133, "passed": false}, "28": {"execution_time": 0.9323170185089111, "passed": false}, "29": {"execution_time": 0.3251979351043701, "passed": true}}}, "check_style_score": "0/1"}