{"version": "1", "message": "ERROR: Hidden Testcases server unreachable.", "problem_id": "ads2_m16_a1_1", "user_id": "prathyushab14", "score": {"sample": {"0": {"execution_time": 0.6335699558258057, "passed": false}, "1": {"execution_time": 0.2935597896575928, "passed": false}, "2": {"execution_time": 0.7515969276428223, "passed": false}, "3": {"execution_time": 0.4882936477661133, "passed": false}, "4": {"execution_time": 0.5656073093414307, "passed": false}, "5": {"execution_time": 0.6137900352478027, "passed": false}, "6": {"execution_time": 0.6344537734985352, "passed": false}, "7": {"execution_time": 0.5271594524383545, "passed": false}, "8": {"execution_time": 0.38733649253845215, "passed": false}, "9": {"execution_time": 0.5649888515472412, "passed": false}, "10": {"execution_time": 0.5735955238342285, "passed": false}, "11": {"execution_time": 0.4657714366912842, "passed": false}, "12": {"execution_time": 0.6887986660003662, "passed": false}, "13": {"execution_time": 0.3120248317718506, "passed": false}, "14": {"execution_time": 0.5225207805633545, "passed": false}, "15": {"execution_time": 0.5785160064697266, "passed": false}, "16": {"execution_time": 0.381389856338501, "passed": false}, "17": {"execution_time": 0.34204816818237305, "passed": false}, "18": {"execution_time": 0.3141632080078125, "passed": false}, "19": {"execution_time": 0.3328862190246582, "passed": false}, "20": {"execution_time": 0.36142683029174805, "passed": false}, "21": {"execution_time": 0.3808434009552002, "passed": false}, "22": {"execution_time": 0.316408634185791, "passed": false}, "23": {"execution_time": 0.34056591987609863, "passed": false}, "24": {"execution_time": 0.24700355529785156, "passed": false}, "25": {"execution_time": 0.6459188461303711, "passed": false}, "26": {"execution_time": 0.558992862701416, "passed": false}, "27": {"execution_time": 0.7296855449676514, "passed": false}, "28": {"execution_time": 1.010746955871582, "passed": false}, "29": {"execution_time": 0.502328634262085, "passed": true}}}, "check_style_score": "0/1"}