{"version": "1", "message": "ERROR: Hidden Testcases server unreachable.", "problem_id": "ads2_m16_a1_1", "user_id": "prathyushab14", "score": {"sample": {"0": {"execution_time": 0.35611772537231445, "passed": true}, "1": {"execution_time": 0.41731810569763184, "passed": true}, "2": {"execution_time": 0.46663737297058105, "passed": true}, "3": {"execution_time": 0.6485769748687744, "passed": true}, "4": {"execution_time": 0.6212761402130127, "passed": true}, "5": {"execution_time": 0.6454026699066162, "passed": true}, "6": {"execution_time": 0.6948726177215576, "passed": true}, "7": {"execution_time": 0.506688117980957, "passed": true}, "8": {"execution_time": 0.5975682735443115, "passed": true}, "9": {"execution_time": 0.506556510925293, "passed": true}, "10": {"execution_time": 0.6011719703674316, "passed": true}, "11": {"execution_time": 3.749861240386963, "passed": true}, "12": {"execution_time": 0.6855812072753906, "passed": true}, "13": {"execution_time": 0.3808102607727051, "passed": true}, "14": {"execution_time": 0.6016557216644287, "passed": true}, "15": {"execution_time": 0.6044118404388428, "passed": true}, "16": {"execution_time": 0.9039244651794434, "passed": true}, "17": {"execution_time": 0.35510897636413574, "passed": true}, "18": {"execution_time": 0.33377933502197266, "passed": true}, "19": {"execution_time": 0.4015216827392578, "passed": true}, "20": {"execution_time": 0.3742804527282715, "passed": true}, "21": {"execution_time": 0.2624247074127197, "passed": true}, "22": {"execution_time": 0.3597249984741211, "passed": true}, "23": {"execution_time": 0.3683431148529053, "passed": true}, "24": {"execution_time": 0.4306015968322754, "passed": true}, "25": {"execution_time": 0.6914794445037842, "passed": true}, "26": {"execution_time": 0.7625715732574463, "passed": true}, "27": {"execution_time": 0.9314508438110352, "passed": true}, "28": {"execution_time": 2.4309587478637695, "passed": true}, "29": {"execution_time": 0.3991081714630127, "passed": true}}}, "check_style_score": "0/1"}