{"version": "1", "message": "ERROR: Hidden Testcases server unreachable.", "problem_id": "ads2_m16_a1_1", "user_id": "prathyushab14", "score": {"sample": {"0": {"execution_time": 0.910224199295044, "passed": false}, "1": {"execution_time": 0.9831984043121338, "passed": false}, "2": {"execution_time": 1.1135718822479248, "passed": false}, "3": {"execution_time": 1.1135177612304688, "passed": false}, "4": {"execution_time": 1.0818369388580322, "passed": false}, "5": {"execution_time": 1.169050931930542, "passed": false}, "6": {"execution_time": 1.1294472217559814, "passed": false}, "7": {"execution_time": 1.15665602684021, "passed": false}, "8": {"execution_time": 0.9625339508056641, "passed": false}, "9": {"execution_time": 0.635324239730835, "passed": false}, "10": {"execution_time": 0.5969927310943604, "passed": false}, "11": {"execution_time": 0.906022310256958, "passed": false}, "12": {"execution_time": 1.157684326171875, "passed": false}, "13": {"execution_time": 0.9489245414733887, "passed": true}, "14": {"execution_time": 0.6278228759765625, "passed": false}, "15": {"execution_time": 10.070470094680786, "passed": false}, "16": {"execution_time": 0.898247241973877, "passed": false}, "17": {"execution_time": 1.0274701118469238, "passed": false}, "18": {"execution_time": 0.937307596206665, "passed": false}, "19": {"execution_time": 10.056485414505005, "passed": false}, "20": {"execution_time": 10.058156251907349, "passed": false}, "21": {"execution_time": 0.338029146194458, "passed": false}, "22": {"execution_time": 0.3239412307739258, "passed": false}, "23": {"execution_time": 10.043935060501099, "passed": false}, "24": {"execution_time": 0.9059488773345947, "passed": true}, "25": {"execution_time": 10.067204236984253, "passed": false}, "26": {"execution_time": 10.078449487686157, "passed": false}, "27": {"execution_time": 10.066819667816162, "passed": false}, "28": {"execution_time": 10.100751876831055, "passed": false}, "29": {"execution_time": 0.31160640716552734, "passed": true}}}, "check_style_score": "0/1"}